source_file_marker,id,seek,start,end,text,tokens,temperature,avg_logprob,compression_ratio,no_speech_prob,positive,negative,neutral,confident,hesitant,concise,enthusiastic,speech_speed
--- 1.csv ---,,,,,,,,,,,,,,,,,,
,0.0,0.0,0.0,5.5600000000000005," Hello, I am Jeffrey Shepherd and I am currently pursuing postgraduate and management from","[50364, 2425, 11, 286, 669, 1587, 84, 2938, 497, 525, 20291, 293, 286, 669, 4362, 20222, 2183, 47187, 293, 4592, 490, 50642]",0.0,-0.4471790900597205,1.6512345679012346,0.6358799338340759,0.5802652835845947,0.1522808372974395,0.2674537897109985,0.8467007279396057,0.8456984758377075,0.6358049511909485,0.6477826237678528,2.5179856115107917
,1.0,0.0,5.5600000000000005,9.6, IIM Coikode. I have completed my B.Tech in Biotechnology from Heritage Institute of,"[50642, 286, 6324, 3066, 1035, 1429, 13, 286, 362, 7365, 452, 363, 13, 36050, 294, 13007, 43594, 490, 27406, 9446, 295, 50844]",0.0,-0.4471790900597205,1.6512345679012346,0.6358799338340759,0.5503271818161011,0.1892631202936172,0.2604096829891205,0.6792833805084229,0.7337009906768799,0.5441449284553528,0.4173900485038757,3.2178217821782185
,2.0,0.0,9.6,14.48," Technology Kolkata, followed by my M.Tech from IIT Kharagpur. I come with an experience","[50844, 15037, 26137, 74, 3274, 11, 6263, 538, 452, 376, 13, 36050, 490, 286, 3927, 591, 5854, 559, 35801, 13, 286, 808, 365, 364, 1752, 51088]",0.0,-0.4471790900597205,1.6512345679012346,0.6358799338340759,0.6398599147796631,0.111149862408638,0.2489901930093765,0.9027289152145386,0.8346201777458191,0.7158607840538025,0.7000623941421509,2.868852459016393
,3.0,0.0,14.48,18.48, of three years in the regulatory affairs domain of the pharmaceutical industry and I worked,"[51088, 295, 1045, 924, 294, 264, 18260, 17478, 9274, 295, 264, 27130, 3518, 293, 286, 2732, 51288]",0.0,-0.4471790900597205,1.6512345679012346,0.6358799338340759,0.4418942630290985,0.3991863131523132,0.1589194387197494,0.7743083238601685,0.8130443692207336,0.5224621295928955,0.2799161076545715,3.75
,4.0,0.0,18.48,23.28," as a medical writer in Ciro Klein Farm, Mumbai and have specialized in drug safety and risk","[51288, 382, 257, 4625, 9936, 294, 383, 5182, 33327, 19991, 11, 34309, 293, 362, 19813, 294, 4110, 4514, 293, 3148, 51528]",0.0,-0.4471790900597205,1.6512345679012346,0.6358799338340759,0.2362544983625412,0.5320101976394653,0.2317353039979934,0.2860490083694458,0.5613749027252197,0.334380954504013,0.1973045319318771,3.541666666666666
,5.0,0.0,23.28,27.76, management. What sets me apart is the expertise I bring in with my three years of experience,"[51528, 4592, 13, 708, 6352, 385, 4936, 307, 264, 11769, 286, 1565, 294, 365, 452, 1045, 924, 295, 1752, 51752]",0.0,-0.4471790900597205,1.6512345679012346,0.6358799338340759,0.8513734340667725,0.0739944875240325,0.0746320560574531,0.9759687185287476,0.6090385317802429,0.4626825451850891,0.4837991595268249,3.7946428571428568
,6.0,2776.0,27.76,31.92," and an added two years of postgraduation. Along with this, I add another dimension to","[50364, 293, 364, 3869, 732, 924, 295, 2183, 7165, 16073, 13, 17457, 365, 341, 11, 286, 909, 1071, 10139, 281, 50572]",0.0,-0.2788734257778275,1.6498194945848377,0.8331734538078308,0.4003293514251709,0.4351379871368408,0.1645326912403106,0.5394512414932251,0.8423255085945129,0.0127667039632797,0.2104057371616363,3.605769230769231
,7.0,2776.0,31.92,37.120000000000005, the discussion with my background in biotechnology. An added advantage is my ability to pay attention,"[50572, 264, 5017, 365, 452, 3678, 294, 3228, 43594, 13, 1107, 3869, 5002, 307, 452, 3485, 281, 1689, 3202, 50832]",0.0,-0.2788734257778275,1.6498194945848377,0.8331734538078308,0.9312369227409364,0.017591830343008,0.0511713065207004,0.7290523648262024,0.3658985197544098,0.4235759973526001,0.2144980132579803,3.0769230769230758
,8.0,2776.0,37.120000000000005,44.0," to detail, which is well testamented in my research work and patents, publication and","[50832, 281, 2607, 11, 597, 307, 731, 35499, 292, 294, 452, 2132, 589, 293, 38142, 11, 19953, 293, 51176]",0.0,-0.2788734257778275,1.6498194945848377,0.8331734538078308,0.8688722252845764,0.042096622288227,0.0890310704708099,0.9809314608573914,0.0084252655506134,0.9197348952293396,0.1196010410785675,2.034883720930234
,9.0,2776.0,44.0,49.28," the best research award which my work at IIT Kharagpur has received. After my 12th, I developed","[51176, 264, 1151, 2132, 7130, 597, 452, 589, 412, 286, 3927, 591, 5854, 559, 35801, 575, 4613, 13, 2381, 452, 2272, 392, 11, 286, 4743, 51440]",0.0,-0.2788734257778275,1.6498194945848377,0.8331734538078308,0.8720619082450867,0.0470474138855934,0.0808907151222229,0.8931167721748352,0.3528227210044861,0.6754659414291382,0.7489106059074402,3.219696969696969
,10.0,2776.0,49.28,53.36, a keen interest in baking and over time this has transitioned from a mere hobby into my,"[51440, 257, 20297, 1179, 294, 12102, 293, 670, 565, 341, 575, 47346, 490, 257, 8401, 18240, 666, 452, 51644]",0.0,-0.2788734257778275,1.6498194945848377,0.8331734538078308,0.7111853957176208,0.0689885467290878,0.2198260724544525,0.8984935879707336,0.114567182958126,0.2633023262023926,0.980851709842682,4.166666666666669
,11.0,5336.0,53.36,58.16, passion. I love experimenting with traditional recipes and regularly bake for family as well,"[50364, 5418, 13, 286, 959, 29070, 365, 5164, 13035, 293, 11672, 16562, 337, 1605, 382, 731, 50604]",0.0,-0.1962533083829012,1.7852348993288591,0.9103832244873048,0.870451033115387,0.040040623396635,0.0895083025097847,0.8053999543190002,0.387519896030426,0.1014581099152565,0.99031001329422,2.9166666666666683
,12.0,5336.0,58.16,63.84," as small functions. I also enjoy traveling, exploring new places, meeting new people and","[50604, 382, 1359, 6828, 13, 286, 611, 2103, 9712, 11, 12736, 777, 3190, 11, 3440, 777, 561, 293, 50888]",0.0,-0.1962533083829012,1.7852348993288591,0.9103832244873048,0.7265122532844543,0.0867852494120597,0.1867024302482605,0.5688238143920898,0.6420919895172119,0.4593785405158996,0.7826326489448547,2.464788732394364
,13.0,5336.0,63.84,67.6, experiencing different cultures. The core competencies which have helped me in my,"[50888, 11139, 819, 12951, 13, 440, 4965, 2850, 6464, 597, 362, 4254, 385, 294, 452, 51076]",0.0,-0.1962533083829012,1.7852348993288591,0.9103832244873048,0.8065895438194275,0.0671418011188507,0.1262686401605606,0.6010036468505859,0.3686898350715637,0.3331948816776275,0.2011255770921707,3.191489361702136
,14.0,5336.0,67.6,73.36, professional career are mainly my consistency. I have consistently excelled in my academics,"[51076, 4843, 3988, 366, 8704, 452, 14416, 13, 286, 362, 14961, 45817, 292, 294, 452, 25695, 51364]",0.0,-0.1962533083829012,1.7852348993288591,0.9103832244873048,0.934115707874298,0.016816858202219,0.049067422747612,0.8986733555793762,0.3395540416240692,0.8631100654602051,0.3781247735023498,2.2569444444444424
,15.0,5336.0,73.36,77.52," and this perseverance has also helped me grow in my professional career. In addition to this,","[51364, 293, 341, 39674, 575, 611, 4254, 385, 1852, 294, 452, 4843, 3988, 13, 682, 4500, 281, 341, 11, 51572]",0.0,-0.1962533083829012,1.7852348993288591,0.9103832244873048,0.9803893566131592,0.004977430216968,0.0146332178264856,0.9335790276527404,0.2481002062559127,0.3705151379108429,0.5352393984794617,3.84615384615385
,16.0,5336.0,77.52,82.72, my ability to pay attention to minutest of details helps me to view a problem from,"[51572, 452, 3485, 281, 1689, 3202, 281, 13951, 377, 295, 4365, 3665, 385, 281, 1910, 257, 1154, 490, 51832]",0.0,-0.1962533083829012,1.7852348993288591,0.9103832244873048,0.7528970241546631,0.0945404171943664,0.1525624990463256,0.4302072525024414,0.2375685721635818,0.0713196620345115,0.0885798335075378,3.0769230769230758
,17.0,8272.0,82.72,88.72, various angles and evaluate and analyze it to come to an effective solution. Thank you.,"[50364, 3683, 14708, 293, 13059, 293, 12477, 309, 281, 808, 281, 364, 4942, 3827, 13, 1044, 291, 13, 50664]",0.0,-0.2703562498092651,1.12987012987013,0.0365934148430824,0.6109679937362671,0.1628107875585556,0.2262211740016937,0.4651326537132263,0.4280631840229034,0.0203731209039688,0.420410692691803,2.5
--- 2.csv ---,,,,,,,,,,,,,,,,,,
,0.0,0.0,0.0,4.32," Hello, I am Beside You. I am Cameron Barajas and I am thrilled to apply to this opportunity","[50364, 2425, 11, 286, 669, 8190, 482, 509, 13, 286, 669, 37327, 2716, 3057, 3653, 5439, 293, 286, 669, 18744, 281, 3079, 281, 341, 2650, 50580]",0.0,-0.2689555723275711,1.6666666666666667,0.0071066515520215,0.909206211566925,0.0154313836246728,0.0753624066710472,0.9763020873069764,0.0206486638635396,0.8493028879165649,0.9980642199516296,4.166666666666666
,1.0,0.0,4.32,10.0, today. I recently completed my BBA in 2022. I have a flexible attitude. I can lead the,"[50580, 965, 13, 286, 3938, 7365, 452, 363, 9295, 294, 20229, 13, 286, 362, 257, 11358, 10157, 13, 286, 393, 1477, 264, 50864]",0.0,-0.2689555723275711,1.6666666666666667,0.0071066515520215,0.6606751680374146,0.0526399835944175,0.2866847813129425,0.9686293601989746,0.7410909533500671,0.6496250033378601,0.7013790607452393,2.992957746478873
,2.0,0.0,10.0,14.52, team and be a good team player according to the situation. I am a passionate individual,"[50864, 1469, 293, 312, 257, 665, 1469, 4256, 4650, 281, 264, 2590, 13, 286, 669, 257, 11410, 2609, 51090]",0.0,-0.2689555723275711,1.6666666666666667,0.0071066515520215,0.7521179914474487,0.1033428534865379,0.1445390880107879,0.3813872933387756,0.1475221514701843,0.1811138987541198,0.9448173642158508,3.5398230088495577
,3.0,0.0,14.52,20.06, who aims for perfection in the task and I always try to give my best and reach the expectations.,"[51090, 567, 24683, 337, 19708, 294, 264, 5633, 293, 286, 1009, 853, 281, 976, 452, 1151, 293, 2524, 264, 9843, 13, 51367]",0.0,-0.2689555723275711,1.6666666666666667,0.0071066515520215,0.8537775278091431,0.0702050551772117,0.0760174319148063,0.953803300857544,0.0403918847441673,0.4801487624645233,0.6788031458854675,3.429602888086643
,4.0,0.0,20.06,25.48," In summer 2022, I interned in a boutique investment bank based out of Hyderabad. In this internship,","[51367, 682, 4266, 20229, 11, 286, 2154, 292, 294, 257, 15738, 1925, 6078, 3765, 2361, 484, 295, 5701, 1068, 32776, 13, 682, 341, 16861, 11, 51638]",0.0,-0.2689555723275711,1.6666666666666667,0.0071066515520215,0.5999714136123657,0.1331949830055236,0.266833633184433,0.8092973828315735,0.8006997108459473,0.6925726532936096,0.4462052881717682,3.136531365313652
,5.0,0.0,25.48,29.52, I worked closely with senior professionals. I was involved in developing the framework,"[51638, 286, 2732, 8185, 365, 7965, 11954, 13, 286, 390, 3288, 294, 6416, 264, 8388, 51840]",0.0,-0.2689555723275711,1.6666666666666667,0.0071066515520215,0.6733085513114929,0.139675885438919,0.187015563249588,0.807213306427002,0.6732915043830872,0.5808582305908203,0.4077364504337311,3.2178217821782185
,6.0,2952.0,29.52,33.64, of a venture network at the ideation stage. This venture network focused on providing,"[50364, 295, 257, 18474, 3209, 412, 264, 1153, 399, 3233, 13, 639, 18474, 3209, 5178, 322, 6530, 50570]",0.0,-0.2992404301961263,1.7892976588628762,0.0541510060429573,0.6355491280555725,0.1261558979749679,0.2382949888706207,0.4283840656280517,0.885919988155365,0.5066512227058411,0.5064131021499634,3.398058252427184
,7.0,2952.0,33.64,38.88, funds at the seed level and CD sale levels. I got an opportunity to discuss about startups,"[50570, 8271, 412, 264, 8871, 1496, 293, 6743, 8680, 4358, 13, 286, 658, 364, 2650, 281, 2248, 466, 28041, 50832]",0.0,-0.2992404301961263,1.7892976588628762,0.0541510060429573,0.6519665122032166,0.1098470836877822,0.2381864190101623,0.4789380133152008,0.6565148830413818,0.4809490144252777,0.407554030418396,3.2442748091603084
,8.0,2952.0,38.88,43.88, and what an investor should look for before investing in a startup. And I found this whole,"[50832, 293, 437, 364, 18479, 820, 574, 337, 949, 10978, 294, 257, 18578, 13, 400, 286, 1352, 341, 1379, 51082]",0.0,-0.2992404301961263,1.7892976588628762,0.0541510060429573,0.7529020309448242,0.0841440707445144,0.1629538536071777,0.5595165491104126,0.4023365378379822,0.703342854976654,0.3668284714221954,3.4
,9.0,2952.0,43.88,49.16," process exciting. In addition to this, I interned with a startup known as Kabadi Techno. And","[51082, 1399, 4670, 13, 682, 4500, 281, 341, 11, 286, 2154, 292, 365, 257, 18578, 2570, 382, 25848, 5688, 8337, 78, 13, 400, 51346]",0.0,-0.2992404301961263,1.7892976588628762,0.0541510060429573,0.9839756488800048,0.0049423105083405,0.0110820094123482,0.7825356721878052,0.0030490003991872,0.1546465754508972,0.9929615259170532,3.03030303030303
,10.0,2952.0,49.16,53.96," in this internship, I regularly discussed the growth of the startups and how a business","[51346, 294, 341, 16861, 11, 286, 11672, 7152, 264, 4599, 295, 264, 28041, 293, 577, 257, 1606, 51586]",0.0,-0.2992404301961263,1.7892976588628762,0.0541510060429573,0.7051657438278198,0.1020941436290741,0.1927400827407837,0.7092519402503967,0.388039618730545,0.3011411726474762,0.381830483675003,3.1249999999999973
,11.0,2952.0,53.96,58.36, should be working with the founder. And I used to update my business model accordingly,"[51586, 820, 312, 1364, 365, 264, 14917, 13, 400, 286, 1143, 281, 5623, 452, 1606, 2316, 19717, 51806]",0.0,-0.2992404301961263,1.7892976588628762,0.0541510060429573,0.4937595725059509,0.2852814793586731,0.2209589332342147,0.4229864478111267,0.7582389712333679,0.5522084832191467,0.1979627162218094,3.40909090909091
,12.0,5836.0,58.4,63.6, according to our discussions. And my area of focus in this internship was on finance.,"[50366, 4650, 281, 527, 11088, 13, 400, 452, 1859, 295, 1879, 294, 341, 16861, 390, 322, 10719, 13, 50626]",0.0,-0.3081684690533262,1.683206106870229,0.2334863841533661,0.5914069414138794,0.1599348336458206,0.2486581355333328,0.7729933261871338,0.6843612194061279,0.5653746724128723,0.1878500282764434,2.8846153846153832
,13.0,5836.0,63.6,69.64, So I prepared the financial model to get a ballpark figure valuation of the startup.,"[50626, 407, 286, 4927, 264, 4669, 2316, 281, 483, 257, 2594, 31239, 2573, 38546, 295, 264, 18578, 13, 50928]",0.0,-0.3081684690533262,1.683206106870229,0.2334863841533661,0.4458820223808288,0.1397600322961807,0.4143580198287964,0.2523844540119171,0.5233181715011597,0.4511494636535644,0.1507427990436554,2.483443708609272
,14.0,5836.0,69.64,74.88, So these two latest internships have provided me a comprehensive view of the company's perspective,"[50928, 407, 613, 732, 6792, 35712, 362, 5649, 385, 257, 13914, 1910, 295, 264, 2237, 311, 4585, 51190]",0.0,-0.3081684690533262,1.683206106870229,0.2334863841533661,0.7288757562637329,0.140218585729599,0.1309056729078292,0.8139676451683044,0.1179432049393653,0.1063369214534759,0.1652904748916626,2.862595419847331
,15.0,5836.0,74.88,79.4, and an investor's perspective. So now I am looking for a challenging role where I can,"[51190, 293, 364, 18479, 311, 4585, 13, 407, 586, 286, 669, 1237, 337, 257, 7595, 3090, 689, 286, 393, 51416]",0.0,-0.3081684690533262,1.683206106870229,0.2334863841533661,0.5252525210380554,0.3096972703933716,0.1650501489639282,0.3133566975593567,0.6744603514671326,0.0919632837176323,0.107444167137146,3.5398230088495497
,16.0,5836.0,79.4,83.92, put my all skills to practice and grow at an acceleration rate. And this is what I am,"[51416, 829, 452, 439, 3942, 281, 3124, 293, 1852, 412, 364, 17162, 3314, 13, 400, 341, 307, 437, 286, 669, 51642]",0.0,-0.3081684690533262,1.683206106870229,0.2334863841533661,0.8503203392028809,0.0475303083658218,0.1021493449807167,0.7591511607170105,0.0021860594861209,0.2286398112773895,0.3984140753746032,3.982300884955756
,17.0,8392.0,83.92,88.96000000000001," Beside You is providing. Hence, I firmly believe that I am Beside You and I am a perfect fit.","[50364, 8190, 482, 509, 307, 6530, 13, 22229, 11, 286, 20031, 1697, 300, 286, 669, 8190, 482, 509, 293, 286, 669, 257, 2176, 3318, 13, 50616]",0.0,-0.4339568614959717,1.1304347826086956,0.8101279139518738,0.9647168517112732,0.0048196082934737,0.0304635316133499,0.9938973188400269,0.0368185229599475,0.7318393588066101,0.9027485251426696,3.769841269841265
,18.0,8392.0,88.96000000000001,89.76, Thank you.,"[50616, 1044, 291, 13, 50656]",0.0,-0.4339568614959717,1.1304347826086956,0.8101279139518738,0.9392908811569214,0.014358558692038,0.0463505573570728,0.8287114500999451,0.7301741242408752,0.8923351764678955,0.8739709258079529,2.500000000000009
--- 3.csv ---,,,,,,,,,,,,,,,,,,
,0.0,0.0,0.0,3.0, My name is Michael Guzman and I am 21 years old.,"[50364, 1222, 1315, 307, 42854, 4271, 508, 1527, 29530, 293, 286, 669, 5080, 924, 1331, 13, 50514]",0.0,-0.3374337122990535,1.647457627118644,0.166666954755783,0.4633817076683044,0.253666341304779,0.2829520106315613,0.8390983939170837,0.8507011532783508,0.628546953201294,0.4432036876678467,3.6666666666666665
,1.0,0.0,3.0,7.36," Hailing from a small family in Varanasi, I had been there most of my life, but MBA has","[50514, 389, 23315, 490, 257, 1359, 1605, 294, 14662, 282, 8483, 11, 286, 632, 668, 456, 881, 295, 452, 993, 11, 457, 26674, 575, 50732]",0.0,-0.3374337122990535,1.647457627118644,0.166666954755783,0.4988833665847778,0.2752511501312256,0.2258654534816742,0.8642367124557495,0.7178081274032593,0.5943070650100708,0.3826967179775238,4.128440366972477
,2.0,0.0,7.36,11.36," given me the experience of living alone for the first time, which has been quite tough","[50732, 2212, 385, 264, 1752, 295, 2647, 3312, 337, 264, 700, 565, 11, 597, 575, 668, 1596, 4930, 50932]",0.0,-0.3374337122990535,1.647457627118644,0.166666954755783,0.0962121039628982,0.7319007515907288,0.1718871891498565,0.0011639114236459,0.8902847170829773,0.1480017602443695,0.0041336775757372,4.000000000000001
,3.0,0.0,11.36,12.84, and challenging for me.,"[50932, 293, 7595, 337, 385, 13, 51006]",0.0,-0.3374337122990535,1.647457627118644,0.166666954755783,0.0870907306671142,0.8794435858726501,0.0334656275808811,0.0023826581891626,0.9945221543312072,0.0063192318193614,0.4709649085998535,2.7027027027027017
,4.0,0.0,12.84,16.8, I completed my school being one of the top students of my batch and also being a part,"[51006, 286, 7365, 452, 1395, 885, 472, 295, 264, 1192, 1731, 295, 452, 15245, 293, 611, 885, 257, 644, 51204]",0.0,-0.3374337122990535,1.647457627118644,0.166666954755783,0.8238539099693298,0.095513142645359,0.0806329175829887,0.9383609294891356,0.2308177798986435,0.5213455557823181,0.7222312688827515,4.545454545454544
,5.0,0.0,16.8,20.84, of the school student council as the activity head of the school.,"[51204, 295, 264, 1395, 3107, 9209, 382, 264, 5191, 1378, 295, 264, 1395, 13, 51406]",0.0,-0.3374337122990535,1.647457627118644,0.166666954755783,0.5394851565361023,0.2498229295015335,0.2106919735670089,0.8467568755149841,0.7777634263038635,0.4937251508235931,0.5318901538848877,2.9702970297029707
,6.0,0.0,20.84,25.48," Later on, I gave the undergraduate entrance exam of BHU securing a rank in the top 1.2%","[51406, 11965, 322, 11, 286, 2729, 264, 19113, 12014, 1139, 295, 363, 39, 52, 33640, 257, 6181, 294, 264, 1192, 502, 13, 17, 4, 51638]",0.0,-0.3374337122990535,1.647457627118644,0.166666954755783,0.7994199395179749,0.0922221168875694,0.1083578392863273,0.7567638158798218,0.4792464077472687,0.5761923789978027,0.4090287685394287,3.6637931034482754
,7.0,2548.0,25.48,31.2," and pursued to become honours from Varanasi University, but unfortunately, due to COVID-19,","[50364, 293, 34893, 281, 1813, 2157, 5067, 490, 14662, 282, 8483, 3535, 11, 457, 7015, 11, 3462, 281, 4566, 12, 3405, 11, 50650]",0.0,-0.3895196830276894,1.606060606060606,0.574234664440155,0.0104788187891244,0.9713783264160156,0.0181428082287311,0.0276686940342187,0.7179649472236633,0.1636043190956115,0.0153359249234199,2.2727272727272734
,8.0,2548.0,31.2,33.6, most of my college life was spent online.,"[50650, 881, 295, 452, 3859, 993, 390, 4418, 2950, 13, 50770]",0.0,-0.3895196830276894,1.606060606060606,0.574234664440155,0.2504089474678039,0.4132549166679382,0.3363361358642578,0.5312245488166809,0.6727012395858765,0.2378080338239669,0.0727429240942001,3.3333333333333304
,9.0,2548.0,33.6,38.04," During my very day days when I had the opportunity to put my foot in the college, I volunteered","[50770, 6842, 452, 588, 786, 1708, 562, 286, 632, 264, 2650, 281, 829, 452, 2671, 294, 264, 3859, 11, 286, 41213, 50992]",0.0,-0.3895196830276894,1.606060606060606,0.574234664440155,0.6397565007209778,0.2080629914999008,0.152180477976799,0.8965435028076172,0.4386151432991028,0.692277193069458,0.8828724026679993,4.279279279279281
,10.0,2548.0,38.04,42.16," as a member of the National Service Team, working towards the welfare of the society","[50992, 382, 257, 4006, 295, 264, 4862, 9561, 7606, 11, 1364, 3030, 264, 17788, 295, 264, 4086, 51198]",0.0,-0.3895196830276894,1.606060606060606,0.574234664440155,0.914879024028778,0.0417464450001716,0.0433745197951793,0.6277015209197998,0.3805842399597168,0.3754237294197082,0.322267085313797,3.6407766990291286
,11.0,2548.0,42.16,44.52, through small yet powerful steps.,"[51198, 807, 1359, 1939, 4005, 4439, 13, 51316]",0.0,-0.3895196830276894,1.606060606060606,0.574234664440155,0.9025515913963318,0.0407501272857189,0.0566982179880142,0.7938618659973145,0.7669214010238647,0.6857373714447021,0.5274127125740051,2.1186440677966107
,12.0,2548.0,44.52,48.68," During lockdown, I helped in spreading awareness regarding COVID-19 being a part of an event","[51316, 6842, 17267, 11, 286, 4254, 294, 15232, 8888, 8595, 4566, 12, 3405, 885, 257, 644, 295, 364, 2280, 51524]",0.0,-0.3895196830276894,1.606060606060606,0.574234664440155,0.6834728717803955,0.2202259749174118,0.0963011682033538,0.4398322701454162,0.4729275405406952,0.3234319388866424,0.1398615539073944,3.605769230769228
,13.0,2548.0,48.68,50.88, organising committee of my college.,"[51524, 1798, 3436, 7482, 295, 452, 3859, 13, 51634]",0.0,-0.3895196830276894,1.606060606060606,0.574234664440155,0.5565383434295654,0.2559866309165954,0.1874750107526779,0.7491698861122131,0.8012081384658813,0.4088631570339203,0.5078203678131104,2.27272727272727
,14.0,5088.0,50.88,56.16, I had an internship in a small steel manufacturing firm related to steel furniture in Varanasi,"[50364, 286, 632, 364, 16861, 294, 257, 1359, 8269, 11096, 6174, 4077, 281, 8269, 15671, 294, 14662, 282, 8483, 50628]",0.0,-0.251802526671311,1.718543046357616,0.2751580476760864,0.469044029712677,0.231678768992424,0.2992772459983825,0.7141733169555664,0.6782829165458679,0.6460573673248291,0.2806319892406463,3.03030303030303
,15.0,5088.0,56.16,59.52, as a sales associate to get some practical experience.,"[50628, 382, 257, 5763, 14644, 281, 483, 512, 8496, 1752, 13, 50796]",0.0,-0.251802526671311,1.718543046357616,0.2751580476760864,0.6022109985351562,0.1099978685379028,0.2877911627292633,0.6013261079788208,0.55830979347229,0.4697556793689728,0.3545381426811218,2.678571428571429
,16.0,5088.0,59.52,63.96, I also interned in an accounting firm to gain knowledge and learn about the practical applications,"[50796, 286, 611, 2154, 292, 294, 364, 19163, 6174, 281, 6052, 3601, 293, 1466, 466, 264, 8496, 5821, 51018]",0.0,-0.251802526671311,1.718543046357616,0.2751580476760864,0.6568632125854492,0.1339615285396576,0.209175243973732,0.685951828956604,0.5090283751487732,0.4782660901546478,0.2676140069961548,3.603603603603605
,17.0,5088.0,63.96,65.96000000000001, of accounting in the real world.,"[51018, 295, 19163, 294, 264, 957, 1002, 13, 51118]",0.0,-0.251802526671311,1.718543046357616,0.2751580476760864,0.3034608960151672,0.3598608672618866,0.3366782963275909,0.2214369922876358,0.5028413534164429,0.258310854434967,0.0833090096712112,2.9999999999999893
,18.0,5088.0,65.96000000000001,70.32000000000001," Apart from my academics, I love to confidently say that I am an excellent guitar player and","[51118, 24111, 490, 452, 25695, 11, 286, 959, 281, 41956, 584, 300, 286, 669, 364, 7103, 7531, 4256, 293, 51336]",0.0,-0.251802526671311,1.718543046357616,0.2751580476760864,0.8633576035499573,0.0520570650696754,0.0845852494239807,0.9923624396324158,0.0011666959617286,0.5026803612709045,0.9625694751739502,3.89908256880734
,19.0,5088.0,70.32000000000001,74.24000000000001," learned the art of fingerstyle guitar, which at the time was not popular at my place and","[51336, 3264, 264, 1523, 295, 5984, 15014, 7531, 11, 597, 412, 264, 565, 390, 406, 3743, 412, 452, 1081, 293, 51532]",0.0,-0.251802526671311,1.718543046357616,0.2751580476760864,0.6486823558807373,0.180216372013092,0.171101301908493,0.3590813875198364,0.6116886138916016,0.2487698793411255,0.042240023612976,4.336734693877549
,20.0,5088.0,74.24000000000001,77.56, hence I had to learn from various sources online myself.,"[51532, 16678, 286, 632, 281, 1466, 490, 3683, 7139, 2950, 2059, 13, 51698]",0.0,-0.251802526671311,1.718543046357616,0.2751580476760864,0.2452672272920608,0.3726074397563934,0.3821253478527069,0.3352402150630951,0.7976281642913818,0.1739098280668258,0.1291907578706741,3.0120481927710907
,21.0,7756.0,77.56,82.4, I also run a small YouTube channel devoted to my passion for music and that is where,"[50364, 286, 611, 1190, 257, 1359, 3088, 2269, 21815, 281, 452, 5418, 337, 1318, 293, 300, 307, 689, 50606]",0.0,-0.2888066793225475,1.5482625482625485,0.1422658115625381,0.5605312585830688,0.1966479271650314,0.2428208440542221,0.8062232136726379,0.5870383977890015,0.3992598354816437,0.7592782378196716,3.512396694214873
,22.0,7756.0,82.4,86.28, I upload my own arrangements as well as covers along with tutorials.,"[50606, 286, 6580, 452, 1065, 22435, 382, 731, 382, 10538, 2051, 365, 17616, 13, 50800]",0.0,-0.2888066793225475,1.5482625482625485,0.1422658115625381,0.6320182085037231,0.1096733808517456,0.2583083212375641,0.7084363102912903,0.3218671381473541,0.1801399737596511,0.4931289553642273,3.092783505154643
,23.0,7756.0,86.28,90.24, I have found that the role offered by your company has sparked interest in me as I believe,"[50800, 286, 362, 1352, 300, 264, 3090, 8059, 538, 428, 2237, 575, 39653, 1179, 294, 385, 382, 286, 1697, 50998]",0.0,-0.2888066793225475,1.5482625482625485,0.1422658115625381,0.9838135838508606,0.0054113366641104,0.0107750697061419,0.9850565791130066,0.6013783812522888,0.6935190558433533,0.9955134391784668,4.545454545454536
,24.0,7756.0,90.24,92.96, it would be a challenging and rewarding experience.,"[50998, 309, 576, 312, 257, 7595, 293, 20063, 1752, 13, 51134]",0.0,-0.2888066793225475,1.5482625482625485,0.1422658115625381,0.9924848079681396,0.0029748263768851,0.0045403619296848,0.0646162256598472,0.2513671517372131,0.0431434288620948,0.8812626600265503,2.9411764705882364
,25.0,7756.0,92.96,96.6," Moving towards the end, I would love to know if I am beside you during the next year's","[51134, 14242, 3030, 264, 917, 11, 286, 576, 959, 281, 458, 498, 286, 669, 15726, 291, 1830, 264, 958, 1064, 311, 51316]",0.0,-0.2888066793225475,1.5482625482625485,0.1422658115625381,0.4251190423965454,0.4211814999580383,0.1536994576454162,0.1348450779914856,0.9506874084472656,0.1082121282815933,0.7351046800613403,4.945054945054964
,26.0,7756.0,96.6,97.6, hours.,"[51316, 2496, 13, 51366]",0.0,-0.2888066793225475,1.5482625482625485,0.1422658115625381,0.2668142318725586,0.4894803762435913,0.2437053918838501,0.3323785960674286,0.8427353501319885,0.1068523377180099,0.1920609325170517,1.0
,27.0,7756.0,97.6,98.1, Thank you!,"[51366, 1044, 291, 0, 51391]",0.0,-0.2888066793225475,1.5482625482625485,0.1422658115625381,0.9671114683151244,0.0064555006101727,0.0264329928904771,0.8039578795433044,0.5060332417488098,0.8875598907470703,0.9364938735961914,4.0
--- 4.csv ---,,,,,,,,,,,,,,,,,,
,0.0,0.0,0.0,5.12," Hello, my name is Monique Mccormick. I'm from Guntur, Andhra Pradesh. I'm an engineering","[50364, 2425, 11, 452, 1315, 307, 11085, 4327, 282, 13, 286, 478, 490, 460, 2760, 374, 11, 400, 71, 424, 2114, 26338, 13, 286, 478, 364, 7043, 50620]",0.0,-0.2830711901187897,1.5676470588235294,0.4627250134944916,0.4981499314308166,0.1777701675891876,0.3240799605846405,0.9019642472267152,0.9560369253158568,0.7528559565544128,0.752601683139801,2.734375
,1.0,0.0,5.12,9.12, graduate in electronics and communication field. My final year project is on performance,"[50620, 8080, 294, 20611, 293, 6101, 2519, 13, 1222, 2572, 1064, 1716, 307, 322, 3389, 50820]",0.0,-0.2830711901187897,1.5676470588235294,0.4627250134944916,0.6601346135139465,0.1797856986522674,0.1600796580314636,0.6622763276100159,0.6463591456413269,0.5797407627105713,0.300230324268341,3.249999999999999
,2.0,0.0,9.12,14.24, analysis of shift resistors. I qualified GATE and secured a rank of 5300. I've done my,"[50820, 5215, 295, 5513, 4597, 830, 13, 286, 15904, 460, 20047, 293, 22905, 257, 6181, 295, 1025, 12566, 13, 286, 600, 1096, 452, 51076]",0.0,-0.2830711901187897,1.5676470588235294,0.4627250134944916,0.9152228832244872,0.0436077564954757,0.0411693602800369,0.8863534331321716,0.4250625073909759,0.5374481678009033,0.3478549718856811,3.1250000000000004
,3.0,0.0,14.24,19.36," internship at PSK VLSI Design Center, post which I worked in a school as academic advisor","[51076, 16861, 412, 8168, 42, 691, 19198, 40, 12748, 5169, 11, 2183, 597, 286, 2732, 294, 257, 1395, 382, 7778, 19161, 51332]",0.0,-0.2830711901187897,1.5676470588235294,0.4627250134944916,0.39833465218544,0.3204732835292816,0.2811920940876007,0.5108476877212524,0.7161426544189453,0.3685032725334167,0.2095498442649841,3.1250000000000004
,4.0,0.0,19.36,24.2," under administration for 19 months. During my tenure, I've developed my interest and","[51332, 833, 7236, 337, 1294, 2493, 13, 6842, 452, 32256, 11, 286, 600, 4743, 452, 1179, 293, 51574]",0.0,-0.2830711901187897,1.5676470588235294,0.4627250134944916,0.5797483921051025,0.2101895213127136,0.2100621610879898,0.8201692700386047,0.8247383236885071,0.6203069686889648,0.4749634265899658,2.6859504132231407
,5.0,0.0,24.2,29.72," inclination towards management, and I've provided my personal support to the school administration","[51574, 37070, 2486, 3030, 4592, 11, 293, 286, 600, 5649, 452, 2973, 1406, 281, 264, 1395, 7236, 51850]",0.0,-0.2830711901187897,1.5676470588235294,0.4627250134944916,0.8311123847961426,0.0711204037070274,0.0977671816945076,0.8047628998756409,0.4644834101200104,0.4062905013561249,0.5567334890365601,2.355072463768116
,6.0,2972.0,29.72,34.04," in achieving their results. To expand my skill set and broaden my perspective, I've","[50364, 294, 19626, 641, 3542, 13, 1407, 5268, 452, 5389, 992, 293, 47045, 452, 4585, 11, 286, 600, 50580]",0.0,-0.3063802624693011,1.6173285198555956,0.0220723580569028,0.8529411554336548,0.055935826152563,0.09112299233675,0.6076047420501709,0.4686351716518402,0.1711024791002273,0.2990305125713348,3.2407407407407405
,7.0,2972.0,34.04,39.68," undertook various courses such as consulting approach to problem solving, securities markets","[50580, 674, 911, 1212, 3683, 7712, 1270, 382, 23682, 3109, 281, 1154, 12606, 11, 38597, 8383, 50862]",0.0,-0.3063802624693011,1.6173285198555956,0.0220723580569028,0.5632840991020203,0.2440119683742523,0.192703977227211,0.4519436955451965,0.4238314628601074,0.1810613125562667,0.2115109860897064,2.127659574468085
,8.0,2972.0,39.68,44.96," by NASM and data science specialization by IBM, where I've learned Python, data analysis","[50862, 538, 10182, 44, 293, 1412, 3497, 2121, 2144, 538, 23487, 11, 689, 286, 600, 3264, 15329, 11, 1412, 5215, 51126]",0.0,-0.3063802624693011,1.6173285198555956,0.0220723580569028,0.5950983762741089,0.1575625240802765,0.247339054942131,0.6572688221931458,0.5917704105377197,0.4403042197227478,0.3526779413223266,2.651515151515151
,9.0,2972.0,44.96,50.08," and machine learning. Apart from my academics, I've undertook various positions at different","[51126, 293, 3479, 2539, 13, 24111, 490, 452, 25695, 11, 286, 600, 15564, 1212, 3683, 8432, 412, 819, 51382]",0.0,-0.3063802624693011,1.6173285198555956,0.0220723580569028,0.5154206156730652,0.3064511716365814,0.1781282424926757,0.5809333324432373,0.5663977861404419,0.3307290971279144,0.1697600483894348,2.5390625000000013
,10.0,2972.0,50.08,57.44," stages of my life. To mention a few, I was event coordinator at my college for two years.","[51382, 10232, 295, 452, 993, 13, 1407, 2152, 257, 1326, 11, 286, 390, 2280, 27394, 412, 452, 3859, 337, 732, 924, 13, 51750]",0.0,-0.3063802624693011,1.6173285198555956,0.0220723580569028,0.3072762489318847,0.2934959530830383,0.3992278575897217,0.5839731693267822,0.7274211645126343,0.1828336715698242,0.2599157989025116,2.4456521739130435
,11.0,5744.0,57.44,63.36, I was elected student people leader of my school. I was also part of Sun NGO for the,"[50364, 286, 390, 11776, 3107, 561, 5263, 295, 452, 1395, 13, 286, 390, 611, 644, 295, 6163, 31456, 337, 264, 50660]",0.0,-0.254450150255887,1.599264705882353,0.1922938525676727,0.7822684049606323,0.1162524074316024,0.1014792025089263,0.7614491581916809,0.4443150162696838,0.5376911759376526,0.6444324254989624,3.0405405405405395
,12.0,5744.0,63.36,68.0," past four years. If I have to talk about my strengths, I'm an adaptive and inquisitive","[50660, 1791, 1451, 924, 13, 759, 286, 362, 281, 751, 466, 452, 16986, 11, 286, 478, 364, 27912, 293, 13570, 271, 2187, 50892]",0.0,-0.254450150255887,1.599264705882353,0.1922938525676727,0.8847313523292542,0.0335633233189582,0.0817053094506263,0.1052723303437233,0.0701676532626152,0.1317130476236343,0.666634202003479,3.4482758620689653
,13.0,5744.0,68.0,74.52," learner. I always, I'm always open to learning and exploring new things. I like taking up","[50892, 33347, 13, 286, 1009, 11, 286, 478, 1009, 1269, 281, 2539, 293, 12736, 777, 721, 13, 286, 411, 1940, 493, 51218]",0.0,-0.254450150255887,1.599264705882353,0.1922938525676727,0.784327507019043,0.0342461727559566,0.1814263463020324,0.6985203623771667,0.7768622040748596,0.2363816499710083,0.9739291667938232,2.453987730061351
,14.0,5744.0,74.52,80.84, challenges and I work hard with resilience to achieve my goals. I've never let any of,"[51218, 4759, 293, 286, 589, 1152, 365, 19980, 281, 4584, 452, 5493, 13, 286, 600, 1128, 718, 604, 295, 51534]",0.0,-0.254450150255887,1.599264705882353,0.1922938525676727,0.7404705286026001,0.1373672485351562,0.1221621632575988,0.7684630751609802,0.6122288107872009,0.5687593817710876,0.1576700359582901,2.5316455696202502
,15.0,5744.0,80.84,86.92," my opportunities down and worked on areas which require my improvement. My hobbies are,","[51534, 452, 4786, 760, 293, 2732, 322, 3179, 597, 3651, 452, 10444, 13, 1222, 35750, 366, 11, 51838]",0.0,-0.254450150255887,1.599264705882353,0.1922938525676727,0.233842983841896,0.5235884189605713,0.242568552494049,0.0120071470737457,0.2422800958156585,0.3731472790241241,0.0144926290959119,2.302631578947369
,16.0,8692.0,86.92,92.08, I like playing badminton and chess. I like to dance and sometimes I would like to travel.,"[50364, 286, 411, 2433, 1578, 76, 12442, 293, 24122, 13, 286, 411, 281, 4489, 293, 2171, 286, 576, 411, 281, 3147, 13, 50622]",0.0,-0.2841789673785774,1.4444444444444444,0.6050665974617004,0.7123150825500488,0.1473612338304519,0.1403236985206604,0.7002869844436646,0.5435418486595154,0.3391629159450531,0.6950433254241943,3.294573643410855
,17.0,8692.0,92.08,97.84," If given opportunity, I would utilize my knowledge and experience to help the company flourish","[50622, 759, 2212, 2650, 11, 286, 576, 16117, 452, 3601, 293, 1752, 281, 854, 264, 2237, 38311, 50910]",0.0,-0.2841789673785774,1.4444444444444444,0.6050665974617004,0.9341999888420104,0.0229707192629575,0.0428293421864509,0.8578387498855591,0.7024592757225037,0.4486803412437439,0.4942704737186432,2.6041666666666643
,18.0,8692.0,97.84,98.92, their aspiring results.,"[50910, 641, 20003, 278, 3542, 13, 50964]",0.0,-0.2841789673785774,1.4444444444444444,0.6050665974617004,0.6703381538391113,0.137936845421791,0.1917249709367752,0.441128134727478,0.635847806930542,0.4593813121318817,0.7905927896499634,2.777777777777782
--- 5.csv ---,,,,,,,,,,,,,,,,,,
,0.0,0.0,0.0,4.84," Hello, I'm Sakshi. I come from Mumbai. I did my undergraduation in mass media","[50364, 2425, 11, 286, 478, 18025, 46226, 13, 286, 808, 490, 34309, 13, 286, 630, 452, 833, 20735, 769, 399, 294, 2758, 3021, 50606]",0.0,-0.2755251780594929,1.5833333333333333,0.1695040613412857,0.539392352104187,0.143637552857399,0.3169700801372528,0.8978954553604126,0.9249572157859802,0.7403094172477722,0.6931093335151672,2.8925619834710745
,1.0,0.0,4.84,8.96, with specialization in advertising. I have completed two,"[50606, 365, 2121, 2144, 294, 13097, 13, 286, 362, 7365, 732, 50812]",0.0,-0.2755251780594929,1.5833333333333333,0.1695040613412857,0.8256796002388,0.104166492819786,0.0701538696885109,0.7324678301811218,0.2989841103553772,0.5567376613616943,0.3884072303771972,1.9417475728155336
,2.0,0.0,8.96,12.88, certification courses. One was entrepreneurship course by Turnip and,"[50812, 21775, 7712, 13, 1485, 390, 26582, 1164, 538, 7956, 647, 293, 51008]",0.0,-0.2755251780594929,1.5833333333333333,0.1695040613412857,0.6857379078865051,0.1569973826408386,0.1572647541761398,0.7184653878211975,0.4148937463760376,0.4716269373893738,0.4218079447746277,2.295918367346939
,3.0,0.0,12.88,16.88," second one was foundations of management by Google. Apart from that, when I'm not","[51008, 1150, 472, 390, 22467, 295, 4592, 538, 3329, 13, 24111, 490, 300, 11, 562, 286, 478, 406, 51208]",0.0,-0.2755251780594929,1.5833333333333333,0.1695040613412857,0.4646764397621155,0.3546738922595978,0.1806496232748031,0.1339003443717956,0.5841033458709717,0.3406029045581817,0.0833304524421691,3.5000000000000018
,4.0,0.0,16.88,22.0," busy doing college group projects and assignments, I keep myself busy doing","[51208, 5856, 884, 3859, 1594, 4455, 293, 22546, 11, 286, 1066, 2059, 5856, 884, 51464]",0.0,-0.2755251780594929,1.5833333333333333,0.1695040613412857,0.4237415790557861,0.2762204706668854,0.3000378906726837,0.8376484513282776,0.582610011100769,0.3521577715873718,0.3117778897285461,2.34375
,5.0,0.0,22.0,26.88," various things like drawing, painting, singing, writing movie reviews on my","[51464, 3683, 721, 411, 6316, 11, 5370, 11, 6726, 11, 3579, 3169, 10229, 322, 452, 51708]",0.0,-0.2755251780594929,1.5833333333333333,0.1695040613412857,0.6433807015419006,0.1002347096800804,0.2563845515251159,0.6400923728942871,0.3697928190231323,0.0464110262691974,0.4599796831607818,2.254098360655738
,6.0,2688.0,26.88,30.84, personal movie review account on Instagram. I also recently won an,"[50364, 2973, 3169, 3131, 2696, 322, 5281, 13, 286, 611, 3938, 1582, 364, 50562]",0.0,-0.2956390380859375,1.6677316293929711,0.4583599865436554,0.6869974136352539,0.1006570160388946,0.2123455852270126,0.733875036239624,0.6622182726860046,0.3186394572257995,0.4648028314113617,2.777777777777777
,7.0,2688.0,30.84,34.28, international art competition hosted by the largest science channel on YouTube,"[50562, 5058, 1523, 6211, 19204, 538, 264, 6443, 3497, 2269, 322, 3088, 50734]",0.0,-0.2956390380859375,1.6677316293929711,0.4583599865436554,0.6868234872817993,0.1347877830266952,0.1783887594938278,0.6467598080635071,0.5399802327156067,0.2157945483922958,0.4121601283550262,3.19767441860465
,8.0,2688.0,34.28,38.48, called Krezkazad. They have over 19 million followers and it is one of my,"[50734, 1219, 591, 17693, 74, 921, 345, 13, 814, 362, 670, 1294, 2459, 13071, 293, 309, 307, 472, 295, 452, 50944]",0.0,-0.2956390380859375,1.6677316293929711,0.4583599865436554,0.6117538809776306,0.1642330288887024,0.2240130603313446,0.7789862155914307,0.3141204416751861,0.3352265655994415,0.6710752248764038,3.3333333333333366
,9.0,2688.0,38.48,42.44, biggest proudest achievements. Because I would like to spread,"[50944, 3880, 4570, 377, 21420, 13, 1436, 286, 576, 411, 281, 3974, 51142]",0.0,-0.2956390380859375,1.6677316293929711,0.4583599865436554,0.9503913521766664,0.0136483339592814,0.0359603278338909,0.8816794157028198,0.0077167265117168,0.3773740530014038,0.9034388065338136,2.272727272727272
,10.0,2688.0,42.44,47.5," awareness about mental health issues and neurodevelopmental disorders, I have an","[51142, 8888, 466, 4973, 1585, 2663, 293, 16499, 35464, 15875, 20261, 11, 286, 362, 364, 51395]",0.0,-0.2956390380859375,1.6677316293929711,0.4583599865436554,0.5844679474830627,0.2863139510154724,0.1292181015014648,0.1971290111541748,0.7342904806137085,0.2450090050697326,0.1285509169101715,2.17391304347826
,11.0,2688.0,47.5,51.76, idea to share with you all. The idea goes as we get the AI to analyze what works,"[51395, 1558, 281, 2073, 365, 291, 439, 13, 440, 1558, 1709, 382, 321, 483, 264, 7318, 281, 12477, 437, 1985, 51608]",0.0,-0.2956390380859375,1.6677316293929711,0.4583599865436554,0.6716249585151672,0.0840681865811348,0.2443068921566009,0.6502296328544617,0.3017536997795105,0.4050856232643127,0.5914865732192993,4.225352112676059
,12.0,2688.0,51.76,55.44, and what doesn't work for students with neurodevelopmental disorders like ADHD,"[51608, 293, 437, 1177, 380, 589, 337, 1731, 365, 16499, 35464, 15875, 20261, 411, 38680, 51792]",0.0,-0.2956390380859375,1.6677316293929711,0.4583599865436554,0.1048197522759437,0.7555708885192871,0.1396093368530273,0.0657676309347152,0.6318138241767883,0.2145683467388153,0.0114569514989852,2.989130434782609
,13.0,5544.0,55.44,59.04, and then coming up with a program or strategy or a plan to help these,"[50364, 293, 550, 1348, 493, 365, 257, 1461, 420, 5206, 420, 257, 1393, 281, 854, 613, 50544]",0.0,-0.3483189802903395,1.5714285714285714,0.0043929857201874,0.6661627888679504,0.1502007693052292,0.1836364269256591,0.4172463715076446,0.5925678014755249,0.2976126968860626,0.2277583181858062,4.166666666666665
,14.0,5544.0,59.04,63.08, students out through specialized programs with maybe teachers who have a certain,"[50544, 1731, 484, 807, 19813, 4268, 365, 1310, 6023, 567, 362, 257, 1629, 50746]",0.0,-0.3483189802903395,1.5714285714285714,0.0043929857201874,0.5373530983924866,0.2670052647590637,0.1956416815519333,0.6251103281974792,0.6851290464401245,0.3443427383899688,0.1871105134487152,2.9702970297029707
,15.0,5544.0,63.08,67.52, teaching style that just works well for kids like these and or,"[50746, 4571, 3758, 300, 445, 1985, 731, 337, 2301, 411, 613, 293, 420, 50968]",0.0,-0.3483189802903395,1.5714285714285714,0.0043929857201874,0.937736749649048,0.0110249631106853,0.0512382425367832,0.7378822565078735,0.1841952949762344,0.8094192743301392,0.4602068662643432,2.702702702702704
,16.0,5544.0,67.52,74.52, activities that help them stay focused or concentrate better. That's it. Thank you.,"[50968, 5354, 300, 854, 552, 1754, 5178, 420, 18089, 1101, 13, 663, 311, 309, 13, 1044, 291, 13, 51318]",0.0,-0.3483189802903395,1.5714285714285714,0.0043929857201874,0.6989964842796326,0.0757790952920913,0.2252244055271148,0.3364621102809906,0.0161665454506874,0.9610377550125122,0.0114092780277132,1.8571428571428568
--- 6.csv ---,,,,,,,,,,,,,,,,,,
,0.0,0.0,0.0,5.28," Hi, my name is Nathan Lewis. I'm a first year MBA analytics student from IIM","[50364, 2421, 11, 452, 1315, 307, 1160, 2173, 71, 18442, 48565, 13, 286, 478, 257, 700, 1064, 26674, 15370, 3107, 490, 286, 6324, 50628]",0.0,-0.279321784647102,1.6153846153846154,0.5995360016822815,0.4422653317451477,0.1684792786836624,0.3892554044723511,0.8146867156028748,0.8885481953620911,0.6877183318138123,0.4752020835876465,2.840909090909091
,1.0,0.0,5.28,9.4, Kashipur. From having a consulting experience at Deloitte for three years,"[50628, 591, 15612, 35801, 13, 3358, 1419, 257, 23682, 1752, 412, 5831, 78, 9786, 337, 1045, 924, 50834]",0.0,-0.279321784647102,1.6153846153846154,0.5995360016822815,0.6252928972244263,0.1890701055526733,0.1856370270252227,0.8822107911109924,0.7339790463447571,0.7153360247612,0.4983788728713989,2.66990291262136
,2.0,0.0,9.4,14.56," after graduating in engineering, I paved my way to an MBA analytics degree to","[50834, 934, 18843, 294, 7043, 11, 286, 42989, 452, 636, 281, 364, 26674, 15370, 4314, 281, 51092]",0.0,-0.279321784647102,1.6153846153846154,0.5995360016822815,0.6635390520095825,0.139990359544754,0.196470558643341,0.7187574505805969,0.4759040176868438,0.4685981571674347,0.249355286359787,2.713178294573644
,3.0,0.0,14.56,19.24, quench my thirst for exploration into an amalgamation of a world of analytics,"[51092, 421, 40765, 452, 34846, 337, 16197, 666, 364, 669, 20422, 30477, 295, 257, 1002, 295, 15370, 51326]",0.0,-0.279321784647102,1.6153846153846154,0.5995360016822815,0.6293616890907288,0.254179835319519,0.1164585202932357,0.246212437748909,0.139614388346672,0.017592828720808,0.2974311709403991,2.777777777777777
,4.0,0.0,19.24,23.2," strategy and planning. During my time in Deloitte, I worked on end-to-end","[51326, 5206, 293, 5038, 13, 6842, 452, 565, 294, 5831, 78, 9786, 11, 286, 2732, 322, 917, 12, 1353, 12, 521, 51524]",0.0,-0.279321784647102,1.6153846153846154,0.5995360016822815,0.61628657579422,0.1677559465169906,0.2159574776887893,0.5576840043067932,0.344132125377655,0.2739268839359283,0.1111893728375434,3.0303030303030325
,5.0,0.0,23.2,28.32," validation processes for softwares for pharmaceutical clients. Also, my ongoing","[51524, 24071, 7555, 337, 2787, 4151, 495, 337, 27130, 6982, 13, 2743, 11, 452, 10452, 51780]",0.0,-0.279321784647102,1.6153846153846154,0.5995360016822815,0.7934788465499878,0.1174668222665786,0.0890543684363365,0.503994882106781,0.5017789006233215,0.3465370237827301,0.2073913663625717,1.953125
,6.0,2832.0,28.32,33.6, post-graduation in MBA analytics has taken me closer to the field of analytics,"[50364, 2183, 12, 7165, 16073, 294, 26674, 15370, 575, 2726, 385, 4966, 281, 264, 2519, 295, 15370, 50628]",0.0,-0.2517253557840983,1.6541666666666666,0.0338944569230079,0.8539227843284607,0.0676534473896026,0.0784237831830978,0.6886361241340637,0.4558258354663849,0.3772240579128265,0.2545113265514374,2.4621212121212115
,7.0,2832.0,33.6,39.2," in business. To fuel my constant need to take responsibilities, I am a member of","[50628, 294, 1606, 13, 1407, 8536, 338, 452, 5754, 643, 281, 747, 16190, 11, 286, 669, 257, 4006, 295, 50908]",0.0,-0.2517253557840983,1.6541666666666666,0.0338944569230079,0.3076035678386688,0.4841126203536987,0.2082837969064712,0.2649536728858948,0.6497827172279358,0.1635992676019668,0.2029102146625518,2.678571428571428
,8.0,2832.0,39.2,44.28, the media and public relations committee of our college. It lets me be a part of,"[50908, 264, 3021, 293, 1908, 2299, 7482, 295, 527, 3859, 13, 467, 6653, 385, 312, 257, 644, 295, 51162]",0.0,-0.2517253557840983,1.6541666666666666,0.0338944569230079,0.7859057188034058,0.1090001761913299,0.1050940528512001,0.8432961702346802,0.6751592755317688,0.4894964396953583,0.3956601917743683,3.1496062992125995
,9.0,2832.0,44.28,49.2, the team who plans to create and apply for a promotion and PR strategies for,"[51162, 264, 1469, 567, 5482, 281, 1884, 293, 3079, 337, 257, 15783, 293, 11568, 9029, 337, 51408]",0.0,-0.2517253557840983,1.6541666666666666,0.0338944569230079,0.715141236782074,0.1550158113241195,0.1298429667949676,0.5992966890335083,0.4680755138397217,0.3256143033504486,0.3972430527210235,3.048780487804877
,10.0,2832.0,49.2,54.400000000000006, the college. I also handle the social media pages of the college. I have been a,"[51408, 264, 3859, 13, 286, 611, 4813, 264, 2093, 3021, 7183, 295, 264, 3859, 13, 286, 362, 668, 257, 51668]",0.0,-0.2517253557840983,1.6541666666666666,0.0338944569230079,0.4700788855552673,0.2407463490962982,0.2891747951507568,0.847987174987793,0.7148676514625549,0.3659111261367798,0.2771438658237457,3.0769230769230758
,11.0,5440.0,54.4,58.8, content writer and editor for college related activities since graduation. I,"[50364, 2701, 9936, 293, 9839, 337, 3859, 4077, 5354, 1670, 15652, 13, 286, 50584]",0.0,-0.244694057263826,1.6485507246376812,0.1374551802873611,0.5459414124488831,0.1881142109632492,0.2659443318843841,0.7577207088470459,0.585002601146698,0.3468740880489349,0.3575866222381592,2.500000000000001
,12.0,5440.0,58.8,63.32, love interacting with people and understanding them. The fact that IIM,"[50584, 959, 18017, 365, 561, 293, 3701, 552, 13, 440, 1186, 300, 286, 6324, 50810]",0.0,-0.244694057263826,1.6485507246376812,0.1374551802873611,0.9275622963905334,0.0246031731367111,0.0478345640003681,0.8019666075706482,0.5698004364967346,0.3846826255321502,0.9413143396377563,2.433628318584069
,13.0,5440.0,63.32,67.75999999999999, beside you has a positive attitude towards mental health issues is,"[50810, 15726, 291, 575, 257, 3353, 10157, 3030, 4973, 1585, 2663, 307, 51032]",0.0,-0.244694057263826,1.6485507246376812,0.1374551802873611,0.9832527041435242,0.0055988798849284,0.0111484732478857,0.91401469707489,0.0030237874016165,0.3098914325237274,0.9512214064598083,2.477477477477483
,14.0,5440.0,67.75999999999999,72.64, really an amazing thing. The company's very idea of trying to understand real,"[51032, 534, 364, 2243, 551, 13, 440, 2237, 311, 588, 1558, 295, 1382, 281, 1223, 957, 51276]",0.0,-0.244694057263826,1.6485507246376812,0.1374551802873611,0.9764961004257202,0.007345930673182,0.0161579269915819,0.7976912260055542,0.1732022762298584,0.1136927008628845,0.9771685600280762,2.663934426229503
,15.0,5440.0,72.64,77.92," emotions, my increasing affinity towards analytics, my experience in strategizing","[51276, 8462, 11, 452, 5662, 39703, 3030, 15370, 11, 452, 1752, 294, 5464, 3319, 51540]",0.0,-0.244694057263826,1.6485507246376812,0.1374551802873611,0.6128414869308472,0.1412197798490524,0.2459387779235839,0.4085286855697632,0.2945217192173004,0.0378128178417682,0.1933052241802215,1.8939393939393936
,16.0,5440.0,77.92,83.03999999999999, as a consultant and my love for learning are the reasons why I want to join this,"[51540, 382, 257, 24676, 293, 452, 959, 337, 2539, 366, 264, 4112, 983, 286, 528, 281, 3917, 341, 51796]",0.0,-0.244694057263826,1.6485507246376812,0.1374551802873611,0.9047872424125672,0.0313646979629993,0.0638480857014656,0.888279139995575,0.4820102453231811,0.4305862784385681,0.9695798754692078,3.320312500000006
,17.0,8304.0,83.04,86.76, internship. Thank you!,"[50364, 16861, 13, 1044, 291, 0, 50550]",0.0,-0.6616337895393372,0.7333333333333333,0.4028930366039276,0.9475235342979432,0.0101298606023192,0.042346604168415,0.6996683478355408,0.6693121790885925,0.7651557922363281,0.9092066884040833,0.8064516129032261
--- 7.csv ---,,,,,,,,,,,,,,,,,,
,0.0,0.0,0.0,10.08," Hello, I am Joseph Nichols. I belong to the heritage city of Varanasi. I have done my undergraduation","[50364, 2425, 11, 286, 669, 1160, 265, 3016, 497, 1301, 13, 286, 5784, 281, 264, 16040, 2307, 295, 14662, 282, 8483, 13, 286, 362, 1096, 452, 833, 70, 6206, 16073, 50868]",0.0,-0.3814739900476792,1.5625,0.2831581532955169,0.5208036303520203,0.1680745333433151,0.3111218512058258,0.8442848324775696,0.9168867468833924,0.6740781664848328,0.6976547241210938,1.7857142857142858
,1.0,0.0,10.08,16.4, in earth science from Banaras Hindu University. And post that I have worked with the single,"[50868, 294, 4120, 3497, 490, 13850, 35867, 21231, 3535, 13, 400, 2183, 300, 286, 362, 2732, 365, 264, 2167, 51184]",0.0,-0.3814739900476792,1.5625,0.2831581532955169,0.3577946126461029,0.2306450307369232,0.4115604162216186,0.6129851341247559,0.800743043422699,0.4383454024791717,0.301148921251297,2.5316455696202538
,2.0,0.0,16.4,21.64, largest government owned reinsurer in the country called General Insurance Corporation,"[51184, 6443, 2463, 11684, 47200, 9858, 294, 264, 1941, 1219, 6996, 39971, 26464, 51446]",0.0,-0.3814739900476792,1.5625,0.2831581532955169,0.6381872892379761,0.2426007688045501,0.1192118749022483,0.8105590343475342,0.6105666756629944,0.4564272761344909,0.244824543595314,2.099236641221373
,3.0,0.0,21.64,28.72, of India in their retrocession and reinsurance underwriting departments. My thorough understanding,"[51446, 295, 5282, 294, 641, 18820, 29881, 293, 47200, 5683, 833, 19868, 15326, 13, 1222, 12934, 3701, 51800]",0.0,-0.3814739900476792,1.5625,0.2831581532955169,0.5883903503417969,0.2092219889163971,0.2023876309394836,0.7638732194900513,0.4111802577972412,0.5839364528656006,0.3314560353755951,1.6949152542372885
,4.0,2872.0,28.72,34.48, of the Indian markets and analytical skills acquired due to working in such a diverse,"[50364, 295, 264, 6427, 8383, 293, 29579, 3942, 17554, 3462, 281, 1364, 294, 1270, 257, 9521, 50652]",0.0,-0.3252912912613306,1.579185520361991,0.0038215371314436,0.7796306610107422,0.0771983936429023,0.1431709080934524,0.7005398869514465,0.2651432156562805,0.1299445182085037,0.1841579526662826,2.6041666666666674
,5.0,2872.0,34.48,42.68," and rich field such as reinsurance, along with my verbal and written communication skills","[50652, 293, 4593, 2519, 1270, 382, 47200, 5683, 11, 2051, 365, 452, 24781, 293, 3720, 6101, 3942, 51062]",0.0,-0.3252912912613306,1.579185520361991,0.0038215371314436,0.8618828058242798,0.0454469434916973,0.0926702693104744,0.8669721484184265,0.1011504307389259,0.3155865967273712,0.4339741468429565,1.7073170731707312
,6.0,2872.0,42.68,49.28, are the attributes which I feel make me the right fit for this job. As a person I believe,"[51062, 366, 264, 17212, 597, 286, 841, 652, 385, 264, 558, 3318, 337, 341, 1691, 13, 1018, 257, 954, 286, 1697, 51392]",0.0,-0.3252912912613306,1.579185520361991,0.0038215371314436,0.955632746219635,0.010879841633141,0.0334874093532562,0.7913922071456909,0.571502149105072,0.8290818929672241,0.2441095113754272,2.878787878787878
,7.0,2872.0,49.28,56.0, in the thought that you cannot find newer oceans until you lose sight of the shore.,"[51392, 294, 264, 1194, 300, 291, 2644, 915, 17628, 25004, 1826, 291, 3624, 7860, 295, 264, 17805, 13, 51728]",0.0,-0.3252912912613306,1.579185520361991,0.0038215371314436,0.2770809829235077,0.5598534345626831,0.1630656123161316,0.2824903130531311,0.610556960105896,0.1657298654317855,0.1218324527144432,2.3809523809523814
,8.0,5600.0,56.72,61.12, This thought is something that pushes me each day towards having newer experiences.,"[50400, 639, 1194, 307, 746, 300, 21020, 385, 1184, 786, 3030, 1419, 17628, 5235, 13, 50620]",0.0,-0.341656635969113,1.5829787234042554,0.0225967615842819,0.9672915935516356,0.0132864089682698,0.0194220691919326,0.6888110637664795,0.0205189362168312,0.2035129219293594,0.8181730508804321,2.9545454545454555
,9.0,5600.0,62.56,68.48," While reading about your company and beside you, I understood that you guys want to create a","[50692, 3987, 3760, 466, 428, 2237, 293, 15726, 291, 11, 286, 7320, 300, 291, 1074, 528, 281, 1884, 257, 50988]",0.0,-0.341656635969113,1.5829787234042554,0.0225967615842819,0.5798945426940918,0.1944420039653778,0.225663423538208,0.6794205904006958,0.5793017148971558,0.2432628720998764,0.4973950088024139,2.8716216216216206
,10.0,5600.0,68.48,76.4, society where children can live their lives as they are and realize the uniqueness of each person,"[50988, 4086, 689, 2227, 393, 1621, 641, 2909, 382, 436, 366, 293, 4325, 264, 48294, 295, 1184, 954, 51384]",0.0,-0.341656635969113,1.5829787234042554,0.0225967615842819,0.8745570778846741,0.0483902320265769,0.0770526602864265,0.649190366268158,0.6013596057891846,0.2406896352767944,0.2179247438907623,2.146464646464646
,11.0,5600.0,76.4,84.08, through artificial intelligence. This idea really resonated with me and I do wish to be a part of,"[51384, 807, 11677, 7599, 13, 639, 1558, 534, 47957, 365, 385, 293, 286, 360, 3172, 281, 312, 257, 644, 295, 51768]",0.0,-0.341656635969113,1.5829787234042554,0.0225967615842819,0.967671811580658,0.0095910243690013,0.0227371677756309,0.725499153137207,0.0700666159391403,0.1980828195810318,0.9687949419021606,2.343750000000002
,12.0,8408.0,84.08,87.6, this awakening. Thank you so much.,"[50364, 341, 31550, 13, 1044, 291, 370, 709, 13, 50540]",0.0,-0.4669540145180442,0.8095238095238095,0.031656939536333,0.9567826390266418,0.0133894523605704,0.02982784435153,0.7322625517845154,0.3829298615455627,0.7027381658554077,0.9697677493095398,1.7045454545454564
--- 8.csv ---,,,,,,,,,,,,,,,,,,
,0.0,0.0,0.0,6.88," Hi, hope you're doing well. I'm Srivats Biyani. I am a PGP finance student at IIM Co-Ecode.","[50364, 2421, 11, 1454, 291, 434, 884, 731, 13, 286, 478, 25120, 85, 1720, 363, 4727, 3782, 13, 286, 669, 257, 40975, 47, 10719, 3107, 412, 286, 6324, 3066, 12, 36, 1291, 1479, 13, 50708]",0.0,-0.350668701171875,1.5936395759717314,0.6115990877151489,0.7498689293861389,0.0732015073299408,0.1769295632839203,0.6134885549545288,0.8107351064682007,0.677797794342041,0.6146660447120667,2.4709302325581395
,1.0,0.0,6.88,12.12," Now before joining IIM Co-Ecode, what all have I done? I am a chartered accountant and","[50708, 823, 949, 5549, 286, 6324, 3066, 12, 36, 22332, 11, 437, 439, 362, 286, 1096, 30, 286, 669, 257, 27472, 292, 43898, 293, 50970]",0.0,-0.350668701171875,1.5936395759717314,0.6115990877151489,0.2509221732616424,0.3676676750183105,0.3814101219177246,0.1569754183292389,0.9828993082046508,0.177705243229866,0.0878390446305275,3.053435114503816
,2.0,0.0,12.12,17.84," I've also cleared CFA level 1. I interned with PWC for more than three years, did my","[50970, 286, 600, 611, 19725, 383, 19684, 1496, 502, 13, 286, 2154, 292, 365, 46375, 34, 337, 544, 813, 1045, 924, 11, 630, 452, 51256]",0.0,-0.350668701171875,1.5936395759717314,0.6115990877151489,0.7959458827972412,0.072044663131237,0.1320094764232635,0.8596539497375488,0.5269836187362671,0.6811324954032898,0.4106676876544952,2.9720279720279725
,3.0,0.0,17.84,23.6, article shift basically from there and I worked in the statutory audit department. After clearing,"[51256, 7222, 5513, 1936, 490, 456, 293, 286, 2732, 294, 264, 42037, 17748, 5882, 13, 2381, 23937, 51544]",0.0,-0.350668701171875,1.5936395759717314,0.6115990877151489,0.3692274391651153,0.3422666788101196,0.2885059118270874,0.2665644586086273,0.7295995354652405,0.3109519481658935,0.1155197769403457,2.604166666666666
,4.0,0.0,23.6,29.0," CA, I worked with ITC limited in the internal audit department for almost 14 months after","[51544, 22852, 11, 286, 2732, 365, 6783, 34, 5567, 294, 264, 6920, 17748, 5882, 337, 1920, 3499, 2493, 934, 51814]",0.0,-0.350668701171875,1.5936395759717314,0.6115990877151489,0.365604966878891,0.4038545191287994,0.2305405139923095,0.5655936002731323,0.8540841341018677,0.4157737493515014,0.1464366614818573,2.962962962962964
,5.0,2900.0,29.0,37.0, which I joined IIM Co-Ecode for the MBA program. Now a little bit about my skills etc. So I,"[50364, 597, 286, 6869, 286, 6324, 3066, 12, 36, 22332, 337, 264, 26674, 1461, 13, 823, 257, 707, 857, 466, 452, 3942, 5183, 13, 407, 286, 50764]",0.0,-0.2836790632927555,1.4979253112033195,0.082160584628582,0.5213223099708557,0.1827505975961685,0.2959270775318146,0.5776039958000183,0.6042500138282776,0.2849438488483429,0.3209485709667206,2.375
,6.0,2900.0,37.0,42.88," am a very analytical person. I love playing with numbers, you know, data sets, apply all","[50764, 669, 257, 588, 29579, 954, 13, 286, 959, 2433, 365, 3547, 11, 291, 458, 11, 1412, 6352, 11, 3079, 439, 51058]",0.0,-0.2836790632927555,1.4979253112033195,0.082160584628582,0.6323294639587402,0.1261713653802871,0.2414991408586502,0.8427242040634155,0.207890972495079,0.28948774933815,0.5709196329116821,2.7210884353741487
,7.0,2900.0,42.88,49.56," sorts of statistical tools, try and understand whatever possible outcomes or interpretations","[51058, 7527, 295, 22820, 3873, 11, 853, 293, 1223, 2035, 1944, 10070, 420, 37547, 51392]",0.0,-0.2836790632927555,1.4979253112033195,0.082160584628582,0.2157061249017715,0.2860854268074035,0.4982084631919861,0.067931443452835,0.2989308536052704,0.0359124168753623,0.0676404386758804,1.796407185628743
,8.0,2900.0,49.56,56.120000000000005, are there from those numbers. I just love the idea about getting into the edtech space.,"[51392, 366, 456, 490, 729, 3547, 13, 286, 445, 959, 264, 1558, 466, 1242, 666, 264, 1257, 25970, 1901, 13, 51720]",0.0,-0.2836790632927555,1.4979253112033195,0.082160584628582,0.9022812843322754,0.0358541682362556,0.0618645958602428,0.3509165048599243,0.2096534371376037,0.2466723918914795,0.971159279346466,2.439024390243901
,9.0,5612.0,56.12,62.6, Education is something which I believe is the base or the source or basically just the,"[50364, 10680, 307, 746, 597, 286, 1697, 307, 264, 3096, 420, 264, 4009, 420, 1936, 445, 264, 50688]",0.0,-0.2471159238081712,1.7244094488188977,0.2536786198616028,0.4937700033187866,0.2332793772220611,0.2729505896568298,0.564256489276886,0.457510232925415,0.2820843756198883,0.1519986689090728,2.469135802469137
,10.0,5612.0,62.6,68.44," crux of any economy of the whole, not only the nation, of the whole world. If everyone","[50688, 5140, 87, 295, 604, 5010, 295, 264, 1379, 11, 406, 787, 264, 4790, 11, 295, 264, 1379, 1002, 13, 759, 1518, 50980]",0.0,-0.2471159238081712,1.7244094488188977,0.2536786198616028,0.392660915851593,0.4069627225399017,0.2003763616085052,0.3442816138267517,0.2179125398397445,0.1377758681774139,0.0802972391247749,2.910958904109587
,11.0,5612.0,68.44,75.16," is educated, I think the whole problem, I think the major problem will be solved. So","[50980, 307, 15872, 11, 286, 519, 264, 1379, 1154, 11, 286, 519, 264, 2563, 1154, 486, 312, 13041, 13, 407, 51316]",0.0,-0.2471159238081712,1.7244094488188977,0.2536786198616028,0.6289094686508179,0.2360039353370666,0.1350865513086319,0.9255570769309998,0.3032469153404236,0.4696858823299408,0.3693291246891022,2.3809523809523814
,12.0,5612.0,75.16,80.08, this is the reason I am very fascinated about the idea that your company is providing and,"[51316, 341, 307, 264, 1778, 286, 669, 588, 24597, 466, 264, 1558, 300, 428, 2237, 307, 6530, 293, 51562]",0.0,-0.2471159238081712,1.7244094488188977,0.2536786198616028,0.8170421123504639,0.0811205506324768,0.1018374115228653,0.6743389368057251,0.0716916397213935,0.1672163009643554,0.9434130787849426,3.4552845528455274
,13.0,5612.0,80.08,84.8, I wish I will be able to expand the successful model that you've built in Japan and bring,"[51562, 286, 3172, 286, 486, 312, 1075, 281, 5268, 264, 4406, 2316, 300, 291, 600, 3094, 294, 3367, 293, 1565, 51798]",0.0,-0.2471159238081712,1.7244094488188977,0.2536786198616028,0.8866376280784607,0.0902955532073974,0.0230668652802705,0.4240588843822479,0.7553256750106812,0.2192091047763824,0.8156635165214539,3.8135593220338992
,14.0,8480.0,84.8,89.84, that to India as well. So that is what I will aim to do if I am given an opportunity,"[50364, 300, 281, 5282, 382, 731, 13, 407, 300, 307, 437, 286, 486, 5939, 281, 360, 498, 286, 669, 2212, 364, 2650, 50616]",0.0,-0.2419404983520507,1.2150537634408602,0.0453213676810264,0.8062192797660828,0.1073804199695587,0.0864003077149391,0.832483172416687,0.3943269848823547,0.4910222291946411,0.5583117604255676,3.968253968253964
,15.0,8480.0,89.84,91.32, to work with you. Thank you.,"[50616, 281, 589, 365, 291, 13, 1044, 291, 13, 50690]",0.0,-0.2419404983520507,1.2150537634408602,0.0453213676810264,0.8579861521720886,0.0317294709384441,0.1102843955159187,0.8137446045875549,0.6969162821769714,0.7448036670684814,0.7735779285430908,4.054054054054082
--- 9.csv ---,,,,,,,,,,,,,,,,,,
,0.0,0.0,0.0,4.0," Hello, myself is Alexander Smith. I am a first year MBA student here at IIM Lucknow.","[50364, 2425, 11, 2059, 307, 4832, 282, 13550, 1591, 608, 29313, 13, 286, 669, 257, 700, 1064, 26674, 3107, 510, 412, 286, 6324, 16627, 3785, 13, 50564]",0.0,-0.3146407844484314,1.6293929712460065,0.5055009722709656,0.5291115641593933,0.1703763455152511,0.3005121052265167,0.8288810849189758,0.9047666788101196,0.7018759250640869,0.6440328359603882,4.0
,1.0,0.0,4.0,10.0," I come from a suburban part of India. I did my B.Tech in Agriculture Engineering, my M.Tech in Food Process Engineering.","[50564, 286, 808, 490, 257, 40138, 644, 295, 5282, 13, 286, 630, 452, 363, 13, 36050, 294, 35966, 16215, 11, 452, 376, 13, 36050, 294, 11675, 31093, 16215, 13, 50864]",0.0,-0.3146407844484314,1.6293929712460065,0.5055009722709656,0.4878090918064117,0.2572616040706634,0.2549293041229248,0.7092944979667664,0.834372341632843,0.578687846660614,0.3476004302501678,3.5
,2.0,0.0,10.0,16.0," During my M.Tech I co-founded an Agritech startup. I ran it for 10 months and generated around 1,000 surplus revenue.","[50864, 6842, 452, 376, 13, 36050, 286, 598, 12, 49547, 364, 24454, 642, 339, 18578, 13, 286, 5872, 309, 337, 1266, 2493, 293, 10833, 926, 502, 11, 1360, 31019, 9324, 13, 51164]",0.0,-0.3146407844484314,1.6293929712460065,0.5055009722709656,0.6439160704612732,0.2079098224639892,0.1481741517782211,0.5178568363189697,0.6589536666870117,0.5326804518699646,0.2460397630929947,3.333333333333333
,3.0,0.0,16.0,25.0," Lastly, I was working in an Agritech farm. I was leading a project on the application of remote sensing IoT and artificial intelligence in the field of agriculture and allied sectors.","[51164, 18072, 11, 286, 390, 1364, 294, 364, 24454, 642, 339, 5421, 13, 286, 390, 5775, 257, 1716, 322, 264, 3861, 295, 8607, 30654, 30112, 293, 11677, 7599, 294, 264, 2519, 295, 14837, 293, 41969, 18373, 13, 51614]",0.0,-0.3146407844484314,1.6293929712460065,0.5055009722709656,0.4603745937347412,0.3152759373188019,0.2243494987487793,0.4929576516151428,0.8221596479415894,0.7259392738342285,0.2714170813560486,3.4444444444444446
,4.0,2500.0,25.0,31.0," I am passionate about entrepreneurship and I am always interested in working in new challenging areas, mainly in the business development and strategy domain.","[50364, 286, 669, 11410, 466, 26582, 293, 286, 669, 1009, 3102, 294, 1364, 294, 777, 7595, 3179, 11, 8704, 294, 264, 1606, 3250, 293, 5206, 9274, 13, 50664]",0.0,-0.3205103609297011,1.6130434782608696,0.9025954008102416,0.7347224950790405,0.1214491799473762,0.1438283622264862,0.6577503681182861,0.3319034874439239,0.1869735419750213,0.9952635169029236,4.0
,5.0,2500.0,31.0,43.0," As I am besides you, concentrated on the fact that the online communication is turning like a black box lately and understanding those facial expressions behind the camera is getting harder and harder day by day.","[50664, 1018, 286, 669, 11868, 291, 11, 416, 2207, 5468, 322, 264, 1186, 300, 264, 2950, 6101, 307, 6246, 411, 257, 2211, 2424, 12881, 293, 3701, 729, 15642, 15277, 2261, 264, 2799, 307, 1242, 6081, 293, 6081, 786, 538, 786, 13, 51264]",0.0,-0.3205103609297011,1.6130434782608696,0.9025954008102416,0.0664460137486457,0.7624801993370056,0.1710737496614456,0.0133608393371105,0.8993484973907471,0.0163975376635789,0.0042744632810354,3.0
,6.0,4300.0,43.0,59.0," So, having a deep learning algorithm that can analyze the facial expressions and provide a result that is more than 95% accurate will definitely help the civil society for a better human resource development and to maintain a better mental health graph.","[50364, 407, 11, 1419, 257, 2452, 2539, 9284, 300, 393, 12477, 264, 15642, 15277, 293, 2893, 257, 1874, 300, 307, 544, 813, 13420, 4, 8559, 486, 2138, 854, 264, 5605, 4086, 337, 257, 1101, 1952, 7684, 3250, 293, 281, 6909, 257, 1101, 4973, 1585, 4295, 13, 51164]",0.0,-0.2919101079305013,1.7313432835820894,0.2938395738601684,0.9413815140724182,0.0215163435786962,0.0371021442115306,0.5638867020606995,0.2429669946432113,0.0910844132304191,0.0963052585721015,2.625
,7.0,4300.0,59.0,69.0, As we know that the coming age is going to be the age of artificial intelligence and to be a part of such a noble cause where the artificial intelligence is the backbone will definitely motivate someone like me,"[51164, 1018, 321, 458, 300, 264, 1348, 3205, 307, 516, 281, 312, 264, 3205, 295, 11677, 7599, 293, 281, 312, 257, 644, 295, 1270, 257, 20171, 3082, 689, 264, 11677, 7599, 307, 264, 34889, 486, 2138, 28497, 1580, 411, 385, 51664]",0.0,-0.2919101079305013,1.7313432835820894,0.2938395738601684,0.9857285618782043,0.0067044370807707,0.0075670783407986,0.9371009469032288,0.0273461602628231,0.3029203712940216,0.9944013357162476,3.9
,8.0,6900.0,69.0,81.0," who is always interested in working in the challenging areas, mainly where the artificial intelligence is the backbone for the development of the society. Thank you.","[50364, 567, 307, 1009, 3102, 294, 1364, 294, 264, 7595, 3179, 11, 8704, 689, 264, 11677, 7599, 307, 264, 34889, 337, 264, 3250, 295, 264, 4086, 13, 1044, 291, 13, 50964]",0.0,-0.2912424206733703,1.375,0.3757909536361694,0.706683874130249,0.1525646150112152,0.1407514959573745,0.6054896116256714,0.1267678439617157,0.2997184097766876,0.9470327496528624,2.1666666666666665
--- 10.csv ---,,,,,,,,,,,,,,,,,,
,0.0,0.0,0.0,6.04," My name is Michael Ramos, I am from Patna, Bihar. I have done my schooling in Commerce and then","[50364, 1222, 1315, 307, 49328, 2786, 11, 286, 669, 490, 4379, 629, 11, 363, 4247, 289, 13, 286, 362, 1096, 452, 41677, 294, 34493, 293, 550, 50666]",0.0,-0.3313981705353039,1.6227106227106227,0.5432539582252502,0.4573494791984558,0.2063996344804763,0.336250901222229,0.888680100440979,0.8816472887992859,0.7057801485061646,0.6239460110664368,2.980132450331126
,1.0,0.0,6.04,12.08, I went up to do my graduation in B.Com Honours. I have interned as an Accounting Associate,"[50666, 286, 1437, 493, 281, 360, 452, 15652, 294, 363, 13, 14627, 6625, 5067, 13, 286, 362, 2154, 292, 382, 364, 24558, 278, 28520, 50968]",0.0,-0.3313981705353039,1.6227106227106227,0.5432539582252502,0.5326712727546692,0.2227642685174942,0.244564488530159,0.7324235439300537,0.7502701878547668,0.6207433938980103,0.3670782744884491,2.814569536423841
,2.0,0.0,12.08,16.68, as well as a Tax Associate wherein I got the chance to apply all the knowledge that I had,"[50968, 382, 731, 382, 257, 23263, 28520, 43531, 286, 658, 264, 2931, 281, 3079, 439, 264, 3601, 300, 286, 632, 51198]",0.0,-0.3313981705353039,1.6227106227106227,0.5432539582252502,0.7147582173347473,0.117540493607521,0.1677013486623764,0.7647761106491089,0.3847949206829071,0.3883214890956878,0.3160685896873474,4.130434782608696
,3.0,0.0,16.68,22.56," learned in my B.Com to apply them in real life scenario. Apart from Academics, I have","[51198, 3264, 294, 452, 363, 13, 14627, 281, 3079, 552, 294, 957, 993, 9005, 13, 24111, 490, 9740, 38014, 11, 286, 362, 51492]",0.0,-0.3313981705353039,1.6227106227106227,0.5432539582252502,0.6066190600395203,0.1321890652179718,0.2611918449401855,0.8295027613639832,0.4726366996765136,0.7769191861152649,0.3837169706821441,2.72108843537415
,4.0,0.0,22.56,26.76, been involved in a lot of extracurricular activities. I was the captain of the students,"[51492, 668, 3288, 294, 257, 688, 295, 1279, 12080, 374, 42750, 5354, 13, 286, 390, 264, 14871, 295, 264, 1731, 51702]",0.0,-0.3313981705353039,1.6227106227106227,0.5432539582252502,0.6291606426239014,0.1392925977706909,0.2315468192100525,0.7325353026390076,0.3873668313026428,0.0989930182695388,0.3490049839019775,3.571428571428569
,5.0,2676.0,26.76,30.76, committee in my final school year and was also awarded the Best Student Award at the,"[50364, 7482, 294, 452, 2572, 1395, 1064, 293, 390, 611, 19100, 264, 9752, 12464, 13894, 412, 264, 50564]",0.0,-0.307685708099941,1.7003891050583655,0.1600064635276794,0.8203577399253845,0.0897892415523529,0.0898529887199401,0.8596852421760559,0.7617006301879883,0.5717273354530334,0.61887127161026,4.0
,6.0,2676.0,30.76,37.04," end of the year. When I went up to college, I was the class representative which again","[50564, 917, 295, 264, 1064, 13, 1133, 286, 1437, 493, 281, 3859, 11, 286, 390, 264, 1508, 12424, 597, 797, 50878]",0.0,-0.307685708099941,1.7003891050583655,0.1600064635276794,0.3650515973567962,0.4220536947250366,0.2128946632146835,0.6320672631263733,0.8081514239311218,0.604330837726593,0.282799631357193,2.7070063694267525
,7.0,2676.0,37.04,42.32," is the part of the students committee. Apart from that, I have been a part of Bad Scouts","[50878, 307, 264, 644, 295, 264, 1731, 7482, 13, 24111, 490, 300, 11, 286, 362, 668, 257, 644, 295, 11523, 2747, 7711, 51142]",0.0,-0.307685708099941,1.7003891050583655,0.1600064635276794,0.0429165139794349,0.8795566558837891,0.0775267481803894,0.6803277134895325,0.8400558829307556,0.4153786599636078,0.2285780161619186,3.4090909090909083
,8.0,2676.0,42.32,47.400000000000006, and Guide for more than 5 years where I have completed several treks and was part of a,"[51142, 293, 18727, 337, 544, 813, 1025, 924, 689, 286, 362, 7365, 2940, 2192, 1694, 293, 390, 644, 295, 257, 51396]",0.0,-0.307685708099941,1.7003891050583655,0.1600064635276794,0.4244469702243805,0.3324834108352661,0.2430695742368698,0.8525682687759399,0.4248860478401184,0.2403024286031723,0.476454347372055,3.5433070866141696
,9.0,2676.0,47.400000000000006,53.52," lot of activities that were based for social needs and for social cause. In my free time,","[51396, 688, 295, 5354, 300, 645, 2361, 337, 2093, 2203, 293, 337, 2093, 3082, 13, 682, 452, 1737, 565, 11, 51702]",0.0,-0.307685708099941,1.7003891050583655,0.1600064635276794,0.8444945812225342,0.0947159081697464,0.0607895068824291,0.1821441203355789,0.1004944369196891,0.0359731204807758,0.239479511976242,2.777777777777779
,10.0,5352.0,53.52,58.68000000000001, I like to read both fiction and non-fiction based on if I am feeling creative that day,"[50364, 286, 411, 281, 1401, 1293, 13266, 293, 2107, 12, 32041, 2361, 322, 498, 286, 669, 2633, 5880, 300, 786, 50622]",0.0,-0.2637951309616501,1.691119691119691,0.0368319861590862,0.7499942779541016,0.0865143090486526,0.1634913831949234,0.2311281263828277,0.3168202042579651,0.1519024074077606,0.2689922153949737,3.2945736434108506
,11.0,5352.0,58.68000000000001,63.48, or if I want to gain some info. The short term goal for me is to find a job where I,"[50622, 420, 498, 286, 528, 281, 6052, 512, 13614, 13, 440, 2099, 1433, 3387, 337, 385, 307, 281, 915, 257, 1691, 689, 286, 50862]",0.0,-0.2637951309616501,1.691119691119691,0.0368319861590862,0.4055115282535553,0.2821207046508789,0.3123677968978882,0.4011301696300506,0.6962759494781494,0.3513998389244079,0.1383545994758606,4.375000000000003
,12.0,5352.0,63.48,69.16, can apply the skill set and the knowledge that I have gained so far and build new skills,"[50862, 393, 3079, 264, 5389, 992, 293, 264, 3601, 300, 286, 362, 12634, 370, 1400, 293, 1322, 777, 3942, 51146]",0.0,-0.2637951309616501,1.691119691119691,0.0368319861590862,0.7374351024627686,0.0633007064461708,0.19926418364048,0.8213433623313904,0.2041423320770263,0.4224165976047516,0.2540288865566253,3.1690140845070465
,13.0,5352.0,69.16,75.4," alongside. Whereas in the long term, I look for a role wherein I will be able to create","[51146, 12385, 13, 13813, 294, 264, 938, 1433, 11, 286, 574, 337, 257, 3090, 43531, 286, 486, 312, 1075, 281, 1884, 51458]",0.0,-0.2637951309616501,1.691119691119691,0.0368319861590862,0.594038188457489,0.206492006778717,0.1994697600603103,0.4554492235183716,0.6316354870796204,0.2210284620523452,0.1276124715805053,2.8846153846153806
,14.0,5352.0,75.4,81.68, value. I look for bigger targets so that I can test myself. I need to figure myself during,"[51458, 2158, 13, 286, 574, 337, 3801, 12911, 370, 300, 286, 393, 1500, 2059, 13, 286, 643, 281, 2573, 2059, 1830, 51772]",0.0,-0.2637951309616501,1.691119691119691,0.0368319861590862,0.5870386362075806,0.2071908116340637,0.2057705372571945,0.1273980140686035,0.4364162683486938,0.0202057249844074,0.2752922773361206,2.86624203821656
,15.0,8168.0,81.84,88.84," the preliminary years so that when the superior targets are put, I am able to come up with","[50372, 264, 28817, 924, 370, 300, 562, 264, 13028, 12911, 366, 829, 11, 286, 669, 1075, 281, 808, 493, 365, 50722]",0.0,-0.3957545416695731,1.1978021978021978,0.1012721061706543,0.5426744222640991,0.2599738240242004,0.1973517388105392,0.5393195748329163,0.4502208232879638,0.2843805253505707,0.1041403040289878,2.571428571428572
,16.0,8168.0,88.84,89.72000000000001, the best outcomes.,"[50722, 264, 1151, 10070, 13, 50766]",0.0,-0.3957545416695731,1.1978021978021978,0.1012721061706543,0.963019073009491,0.013738508336246,0.0232423897832632,0.8070101737976074,0.3033077716827392,0.6463361978530884,0.4792070388793945,3.409090909090872
